[
    {
        "id": "1",
        "Category": "Education",
        "Video Name": "Full Python Course",
        "Video Description": "Python course for beginners. Learn python in 100 hours!"
    },
    {
        "id": "2",
        "Category": "Entertainment",
        "Video Name": "Cat Video",
        "Video Description": "Watch 2 hours of funny cat moments."
    },
    {
        "id": "3",
        "Category": "Sports",
        "Video Name": "Formula 1 Highlights",
        "Video Description": "Best moments of 2025 Formula 1."
    },
    {
        "id": "4",
        "Category": "Sports",
        "Video Name": "2024 Champions League",
        "Video Description": "Best moments of 2025 Champions League season."
    },
    {
        "id": "5",
        "Category": "Film",
        "Video Name": "Upcoming 2025 Movies",
        "Video Description": "Watch trailers for upcoming movies."
    }
]